D2W_D,W2D_D,D2W_S,W2D_S
-0.028224126,0.17495286,-0.029523913,-0.027790586
-0.14034833,-0.048952382,0.07872175,0.17483072
-0.20625542,0.2959038,-0.016941031,-0.00019220587
-0.15450391,0.2087679,0.073583774,-0.019427512
0.2805393,-0.012250323,0.22999209,0.47200733
-0.2870162,-0.10393721,0.19519399,0.17182237
0.38726956,0.006441771,0.030406848,0.18542477
-0.15551636,-0.12160288,-0.03610804,-0.105842166
-0.4059956,0.05934732,-0.045627467,-0.15239897
-0.048039827,0.19770959,-0.029132234,0.037261575
-0.07058823,0.010909478,-0.23005632,-0.08425219
,0.3070412,,0.14903302
-0.07915296,0.25089744,0.038173795,-0.24214324
-0.31032813,-0.58939016,0.15678906,0.059746828
-0.35427135,-0.34104574,0.4738868,0.29385015
-0.33698192,-0.28494528,0.13472942,0.12716877
0.09728916,0.2291586,0.33917603,0.29438636
0.023244929,0.42535827,0.33172962,0.07907867
-0.2552056,-0.2683631,0.14724146,0.21797256
-0.114761904,0.056071427,0.055341113,-0.13768847
-0.07609086,-0.20088089,0.61264324,0.12752809
-0.033969186,-0.22853933,0.2684088,0.24193631
0.07052023,0.19017819,0.2933101,0.2821241
-0.14884123,-0.33381507,0.15886177,0.098396145
-0.2191957,-0.22004583,0.1334679,0.04278892
-0.0750138,0.10559185,0.104749314,0.023093782
-0.00071707927,0.39153376,0.04810938,0.39140615
-0.3116648,-0.22402878,0.0551579,-0.11111938
-0.15757793,-0.1988889,0.18679197,0.18542583
-0.13173375,-0.2673939,0.16565636,0.17045966
0.35595855,-0.1474477,0.103938736,0.05750405
-0.13513805,-0.032272726,0.28191367,-0.06464311
-0.1498091,0.21239732,-0.13391905,-0.31074077
-0.09526573,0.22278689,0.25723112,0.030151723
-0.120039,-0.011388276,0.23954557,0.23140253
-0.096229255,0.01661425,0.045431554,0.17596005
-0.25668025,-0.04528491,-0.20428793,0.3508316
-0.22591124,0.13955776,0.15307318,0.2411922
-0.32147372,-0.12617046,0.05264372,0.01892824
-0.16564502,-0.15082954,-0.053599108,-0.18750508
-0.3884875,0.20717287,-0.022287952,0.034773238
0.118202895,-0.020833507,0.03092633,-0.09346223
-0.15013193,-0.24354939,0.109209195,0.15841745
0.11105625,-0.27168646,-0.072162375,-0.13353905
-0.11245032,-0.077543855,0.17271335,0.36079228
-0.2192,0.08296612,-0.0017293768,0.10216731
0.061470326,0.1477185,0.2289652,0.25465575
0.02137976,0.09140845,0.1754178,0.3256116
-0.23824058,0.16467533,-0.31672797,0.01694857
-0.20516606,-0.037772886,0.026574628,0.034743283
0.012809657,-0.074600145,-0.13058348,0.20306957
-0.19698997,0.5988124,-0.058345,0.0074506295
-0.015561584,0.19166473,-0.02530872,0.17152993
-0.2489836,-0.240261,0.13190836,0.11769977
-0.16480249,-0.07604782,-0.007775664,-0.03266067
-0.099826664,-0.37207288,-0.031196497,0.19708185
-0.2537745,0.23337232,0.07504037,0.1753671
-0.23094429,0.048151735,0.041960634,-0.02544566
-0.24769975,-0.23211329,0.10657582,-0.035929717
-0.17056799,-0.008860759,0.1616557,-0.07112254
-0.08534856,0.37922585,0.18670297,-0.048036102
-0.07471819,-0.12975721,0.13099514,0.026954096
-0.21177582,0.012552187,0.17819875,0.010173044
-0.11265598,-0.027487684,0.18514223,0.17224656
-0.28127146,0.11775482,0.1478702,0.013161191
0.098416835,-0.024754215,0.15464617,0.090689875
0.008818088,-0.032865304,-0.02187899,0.08651439
-0.3494001,-0.14616433,-0.03941755,0.044639666
-0.4758454,-0.08447553,-0.0495104,-0.063624084
0.13944511,-0.07717033,-0.273557,-0.025075026
-0.103208065,-0.2106181,-0.009224309,-0.055226143
-0.09336099,0.4304613,0.10197109,0.7518048
-0.0644,0.27411672,0.16309597,-0.26592505
-0.34356144,-0.17828216,0.25024018,-0.16475302
0.08690305,-0.08504681,0.15140888,0.03570058
0.21177423,-0.07255708,0.34478533,0.93005973
-0.22792794,0.0018541031,0.0985434,0.15527937
-0.06406869,-0.18358883,-0.1659382,0.15012388
0.070396274,-0.17236674,0.30563703,0.51636225
-0.16321588,0.30307814,0.21430908,-0.07012729
-0.017591126,0.14166714,-0.1946751,0.024477817
-0.030839805,-0.058951784,0.036992844,0.3096954
-0.09274936,-0.03824003,0.20426627,0.19785438
-0.2229799,0.018055964,0.2393282,-0.033020407
-0.18136208,-0.05842233,0.03157226,-0.051354684
0.2453997,-0.021695748,-0.12977177,0.059103817
0.10647482,-0.11543934,-0.1983593,0.023396406
-0.14462776,-0.36460105,0.07724791,0.07562341
0.009165923,-0.17980199,-0.04877997,-0.10332193
0.13188933,-0.33338758,0.31318828,0.09270831
0.122725695,-0.11102976,0.21769705,-0.07249907
0.031612903,-0.37024775,-0.00037127384,-0.07090339
-0.23908974,-0.3883859,0.025783878,0.03500553
0.0020521786,0.17297706,0.5882862,0.16894284
0.24602334,-0.1841209,0.06952575,-0.07575202
0.18034251,0.11211583,-0.08107177,-0.10475943
0.040940523,-0.31734344,-0.07734649,0.097778335
0.29022446,-0.14063711,-0.094173975,-0.031284977
-0.39244577,-0.3764338,0.06558931,0.22614442
-0.2250823,-0.15984249,0.09584896,0.28938654
-0.4002842,-0.01842475,0.14226021,0.15687327
-0.3442611,-0.20987664,0.14436196,0.19854708
-0.09637843,0.090491414,-0.1182004,0.25005642
0.061673127,-0.26113167,-0.036593627,0.2628198
-0.04162575,-0.34122038,0.03992928,-0.11117644
0.09158878,-0.32095304,-0.16052665,-0.038874753
0.59363294,-0.10048583,0.045403067,0.010035906
0.19160457,0.0037531573,-0.12524281,-0.043484736
0.20009588,-0.088356435,0.026130361,0.15439743
0.09864128,-0.0341309,-0.021085959,0.15359882
-0.06555885,-0.26998496,-0.12003606,-0.038822267
0.07594937,-0.18968037,0.15427552,0.016957056
-0.09975615,-0.120346785,0.07734283,0.2975848
-0.19015779,-0.22883484,-0.025230017,-0.1090106
-0.12347193,0.007881386,-0.20872107,-0.07596313
0.19512194,-0.19734369,0.057805657,0.46313307
-0.16244772,0.092833206,0.40702143,0.34558752
-0.17884144,-0.1297565,-0.048736986,-0.05176182
-0.21027155,-0.2252667,0.005666532,-0.062185023
-0.16412027,-0.056815285,-0.06363583,-0.17438717
-0.18301769,0.040532134,0.19771998,0.0146475015
-0.12993528,0.25098902,0.14448701,0.051495705
0.021983664,-0.12558088,-0.071806036,0.06789981
-0.017113253,-0.47057566,0.16814893,0.22578163
-0.030978262,-0.3302366,0.02605931,0.06272917
-0.20335713,-0.012057532,0.20717978,0.20007043
-0.2706422,0.09214866,-0.17130119,-0.09835661
0.0047166767,0.17007518,0.17896682,0.13001244
-0.070827186,-0.13340136,-0.13471518,-0.07607571
0.032275133,-0.14176509,-0.04085149,0.18970594
-0.03279391,0.10925466,-0.15454274,-0.21726538
-0.13530378,-0.07190822,-0.18608715,-0.046136286
-0.074800596,0.09153302,0.034144312,0.11652135
-0.20438465,0.023196496,0.22143109,0.13899566
0.003773585,-0.068764865,-0.021189796,0.4059236
0.06746411,-0.072531834,-0.111106254,-0.122695684
-0.06595656,-0.2866434,0.0112653505,-0.09241904
0.007935626,0.17274478,-0.052350678,-0.034760747
-0.26503092,-0.07916376,-0.07013356,0.08743632
0.14540295,-0.22182457,0.013944115,0.19288212
-0.03492451,-0.048308942,0.06575248,0.12128079
-0.05355872,-0.042615425,-0.053114828,0.12701674
-0.42855313,-0.068749204,0.08659826,0.037843168
-0.075763956,-0.22777082,-0.07642873,0.046217132
-0.09591837,0.08878176,0.08380665,0.26385373
-0.23584475,-0.10452467,0.23164189,0.09988714
-0.19618496,-0.07485148,0.11810026,0.21619286
-0.17368421,0.042345416,0.021317935,0.14723979
-0.26712683,-0.13779987,0.045094337,0.12045709
-0.1086708,0.0779227,0.1078861,0.29006326
-0.37549138,-0.12510417,0.23429202,0.084163114
-0.11511043,-0.060570646,-0.15960586,0.06035448
-0.07880063,-0.15880565,-0.16523612,-0.0060341093
-0.03998356,0.2101552,0.10708136,0.13240127
-0.24503519,-0.040967274,0.2435668,0.22027929
0.002473101,0.056097053,0.0063998993,-0.019491505
0.12414093,-0.026919387,-0.22575411,0.30724484
-0.31615236,-0.29017106,0.34339356,0.18051253
0.09340756,-0.0056289975,0.7601428,-0.00037157928
-0.11844435,0.022716943,-0.31569064,-0.06260114
0.030819368,-0.23101585,-0.19794331,-0.017326834
0.05300261,-0.015550755,0.41603538,0.13910308
-0.0476087,-0.13755776,0.10921885,0.04002221
-0.19482759,-0.16753425,-0.08633702,-0.13685194
-0.1617267,-0.07697396,0.6212931,-0.012909156
-0.21593533,-0.106304616,0.2726152,0.27478257
-0.1364749,-0.08597402,0.21337733,0.38710165
0.064576596,-0.10056269,-0.10137363,-0.023846129
-0.08226043,-0.1364977,-0.088069744,-0.13992567
-0.008688318,-0.02171171,-0.012555492,-0.020353504
-0.16129033,-0.21373767,0.08528015,0.086104155
0.13099454,-0.3455905,0.12800178,0.39750713
0.34176707,-0.31471303,0.0408789,-0.021196978
0.27650926,-0.49818864,-0.070471846,0.026383631
0.7384654,-0.4648872,0.124309555,0.059791222
-0.0459735,-0.45669723,0.048013557,-0.041834
-0.11085974,-0.30502164,-0.10398546,-0.13579936
-0.22941397,-0.077982455,-0.01938679,0.065639496
-0.16871345,-0.10408029,-0.12581249,-0.0131049715
-0.28313032,0.059022993,0.24555168,0.00022865133
-0.42563438,0.4077374,0.27640647,0.028153373
-0.0757108,-0.26377732,0.06757308,-0.0247969
0.12701702,-0.28137952,0.016777374,0.45017222
0.2186258,-0.37803143,0.14357048,0.023898909
0.090192184,-0.4242987,0.15857616,0.04570663
0.671789,-0.5703149,0.07501056,-0.06971688
-0.09809229,-0.44172606,0.02629988,0.07263467
0.22757988,-0.23545606,0.5338444,-0.043491732
-0.046046827,0.07923868,0.24975632,-0.004581576
-0.09720731,-0.3885714,-0.07675252,-0.01470459
-0.18956387,-0.41765502,-0.062703885,0.075379856
-0.112244904,-0.3905853,0.0915064,0.02908328
-0.11238055,0.023399692,-0.19925046,-0.08121835
0.0998258,-0.20954724,-0.257238,-0.34213793
0.052760735,-0.5008252,0.030052256,-0.065755166
0.016228456,0.10338952,-0.031890303,0.25022647
-0.12564969,-0.07845296,0.09229649,0.141066
-0.03698086,-0.123927996,0.021659326,0.07593739
-0.09425947,-0.29041475,0.47037113,0.21481489
0.13066734,0.02345255,0.14371523,0.3083007
-0.37536007,-0.06223714,0.16561458,-0.182895
-0.36032602,0.02108108,-0.21261857,0.10534335
-0.3550486,-0.14889345,0.31301188,0.2547232
-0.05099338,0.04042299,0.26732963,0.3168466
0.048801128,0.07585226,0.39747092,0.37509385
-0.03911111,-0.060869563,0.18903208,0.15269908
-0.18549472,-0.33216748,0.011469037,-0.06539797
-0.07108177,-0.1253457,0.10297897,0.09008275
-0.21018578,-0.06363736,0.21737307,0.207198
-0.05382395,0.6984746,0.25568017,0.0034955968
-0.032156065,-0.10216868,0.16141805,0.059327263
-0.19103606,0.026837442,-0.110191375,0.13309114
-0.09618503,-0.24015592,0.03963733,0.2624462
-0.14747939,-0.25697073,0.16359523,0.014741329
-0.24538119,-0.11358988,-0.20222232,0.27488595
-0.16562055,-0.057076026,0.3877854,0.40993717
0.5784946,-0.19111316,-0.18030825,-0.12149335
0.45674813,-0.20706445,-0.06798673,0.1770786
-0.3429078,0.027665973,0.00357226,-0.20886336
-0.040683046,-0.090333045,0.35708097,0.79052824
0.14854394,-0.1963207,0.16495377,0.09024333
0.050911963,0.8240992,0.133927,0.08036679
0.22426231,0.22025478,0.40861464,0.35881087
-0.08912711,0.15071428,0.12555438,0.09264875
-0.12563802,0.43018225,0.04237147,-0.057931725
-0.21748981,-0.10206349,0.19843765,0.098507434
-0.16050287,-0.15017414,-0.2359552,0.06193451
-0.32441193,-0.09365079,-0.13172247,-0.0034126844
-0.12789136,-0.012302633,0.10749783,0.21929055
-0.09396353,0.040757574,-0.13334146,-0.27625003
-0.11073883,0.14833333,0.19347782,-0.111930035
-0.29003114,0.5076056,-0.07042398,-0.28023705
-0.1815988,-0.17370458,-0.21922664,0.033296797
-0.2989247,0.2883715,-0.18537517,0.29246956
-0.34176853,0.49011338,-0.11743396,-0.021253726
-0.17805806,0.38940302,0.08528349,-0.18681526
-0.26173785,-0.26944086,0.005576722,0.058440536
0.056124065,-0.28765646,-0.09011617,0.22283936
-0.17206824,-0.20673563,0.10617574,0.19031249
-0.28037134,-0.026533984,0.29217032,0.12069585
-0.19223808,-0.27897808,0.1647473,0.25382674
-0.40599942,-0.21842657,0.1855935,0.115812376
-0.22588488,-0.054884497,0.34976044,-0.057436436
-0.013175163,-0.27269575,-0.20851514,0.14980586
0.14333573,-0.15043251,-0.22845128,0.1493378
0.19911605,0.08982395,0.16624184,0.40218148
0.13357355,-0.3511111,0.03751341,0.7056084
0.02919738,0.7052566,0.060251232,-0.24041647
-0.12880185,0.23367469,0.6079534,-0.099654704
-0.24972941,0.5148394,-0.16145156,0.044567514
-0.029707056,-0.12825397,-0.11706209,-0.19320478
-0.19811136,0.4924862,-0.34365723,-0.06845325
0.06426653,-0.085410476,-0.019045748,-0.015679887
-0.08583444,-0.09988253,-0.08614823,-0.08898866
-0.33731726,0.15293519,0.23367374,-0.007992897
-0.19793814,0.1428436,-0.15229669,-0.15420835
0.0400986,-0.33313677,-0.15826528,0.395184
-0.11474085,-0.2505193,0.22719684,0.2423307
-0.10147542,-0.19754437,0.0013784418,0.12974794
0.13620855,0.09070368,0.0070855864,0.11855527
0.30639505,0.12584712,0.027410725,0.41315934
-0.14913227,-0.24562092,0.106692426,-0.018296694
-0.16433896,0.13602921,-0.12090595,0.025510175
0.029099582,-0.08738433,-0.090069406,0.18269457
-0.083847284,-0.4390141,0.09002917,0.10687285
-0.12908164,-0.3726428,0.09537068,-0.009771336
0.1014203,-0.24383713,0.12625104,0.22448085
-0.062220883,-0.35014084,0.10176812,0.23667808
-0.15091258,-0.12752059,0.2517961,0.055393595
-0.124439776,-0.3301234,0.22823375,0.27348074
-0.16619556,-0.22230367,0.07827852,0.21922736
-0.07385939,-0.1403173,0.23128834,0.2949261
-0.12024222,0.02972973,0.072075434,0.28199103
-0.22850083,0.15356784,0.04210687,0.30217168
-0.33068737,0.5552137,0.016725069,0.013619857
-0.20795903,-0.25758123,-0.017232683,0.01649263
-0.13157895,0.22752587,-0.08652689,-0.0027633084
-0.23015629,-0.044042554,-0.07122471,-0.019937368
0.17900147,0.084583506,-0.08844954,-0.097344525
0.034591302,-0.22361404,-0.020864582,0.0029894565
-0.14595589,0.2062116,-0.11199485,0.11497506
-0.2884416,-0.104254216,-0.020897742,-0.012410313
-0.23286532,-0.23982747,-0.037755836,0.21622653
-0.075646386,0.026739327,-0.026085766,0.15751636
-0.21259317,-0.030008756,-0.10375234,-0.16089529
-0.21464682,-0.02812324,-0.29667583,0.019434573
-0.19959047,-0.16199918,-0.15069073,0.027279181
-0.05162095,-0.122826725,0.071698315,-0.07095694
-0.3233261,-0.38437545,0.016072962,-0.10495323
-0.35620537,-0.10179104,-0.3218245,0.32344317
-0.17226107,-0.45544806,0.06201208,0.07175224
-0.2813996,-0.13755381,0.071619675,0.35965174
-0.34177345,-0.43104824,-0.008147105,0.020370461
-0.22222663,-0.1954609,0.21413001,0.13120636
-0.17481788,-0.23383822,0.13293909,0.0061924774
-0.32424754,0.2059176,0.11480865,0.046589613
0.121303946,0.040393982,0.22534452,0.17023334
-0.08880597,-0.07337792,0.15045719,-0.07919376
0.13240698,0.02808933,-0.021193953,0.051750556
0.3682927,-0.26599133,-0.01988665,0.18736506
0.04011929,0.13298246,0.3609842,0.38614485
-0.15415348,0.35559767,0.027800178,-0.05290826
-0.20828332,-0.073406935,-0.001830231,-0.026725577
-0.17713004,-0.13589929,0.01761695,-0.13402772
-0.0349642,-0.12355848,0.031794816,-0.054150335
0.3466882,-0.15929845,-0.12532568,0.015742341
0.20022321,-0.2904767,0.078679524,0.04354897
0.074164525,-0.053054255,0.08252436,0.25703257
-0.10675676,-0.24349056,-0.20861551,0.02729881
-0.05823842,-0.29962784,-0.069359705,0.16161536
0.054786384,-0.039646383,-0.13289602,0.108537935
0.14873435,-0.34399644,-0.023298897,0.0033657697
-0.060729485,-0.34695652,0.2074688,0.32951346
0.1311676,-0.30100417,0.39103165,0.35502967
-0.017239943,-0.01263902,0.31215486,0.23861295
-0.22717173,-0.12798867,0.14115176,0.22271174
-0.13616306,0.07015216,-0.008844197,0.06820235
0.010814419,0.0052954294,-0.19838826,-0.10892451
-0.34875834,-0.26430228,0.066815495,0.2622048
-0.26447117,0.00024096295,-0.07258625,-0.21033612
-0.19240631,0.081141144,-0.14456166,-0.0031910357
-0.17177033,-0.26012015,-0.17040461,0.016745038
-0.038266897,-0.24257182,-0.1154877,0.0036067783
-0.14658114,-0.26675785,-0.12296414,-0.056203466
-0.20202656,-0.07397516,0.21691903,-0.01209313
-0.272496,-0.1338242,0.06597356,0.16570286
-0.5341693,-0.010671785,0.13542476,-0.124934055
-0.23479469,-0.33436006,0.10528585,-0.082923755
0.091657475,-0.0713394,0.07000077,-0.09823086
0.28958648,0.20734906,0.032821912,-0.14887527
-0.040976822,0.026620261,-0.1254188,0.07657835
0.23476857,-0.13392521,0.14919046,0.1845371
-0.1874055,0.16547056,0.19772464,0.09337205
-0.28819826,-0.34113553,0.16612409,0.16400117
-0.12767504,0.06577639,0.030202884,-0.064344496
-0.16721311,-0.12165213,-0.07747281,0.1320115
-0.071362674,0.057459086,0.18504049,0.05392366
0.18757561,-0.053271655,0.016898138,0.00073577126
0.19599284,-0.3028765,0.28674576,0.24949639
0.14742586,-0.095431596,0.06940528,-0.029761918
-0.08639456,-0.12393607,-0.09873374,0.018356074
0.05041536,-0.1364977,0.084719285,0.054570872
-0.11959545,-0.018180486,0.44559965,-0.0023283854
-0.16484931,-0.061841335,0.01373592,0.06837724
0.20839646,-0.0021311138,-0.054044496,0.12918752
-0.113683164,0.04464072,-0.058511626,-0.026891494
-0.038950622,-0.15244843,-0.13334133,-0.17429596
-0.053476486,-0.05173846,0.050327543,0.14356513
-0.07118644,-0.096444264,-0.14741041,-0.016945254
-0.038370267,-0.15594941,0.031072937,-0.008267096
-0.14297889,-0.33968335,0.017326644,0.041223276
0.4034533,-0.15644424,-0.09788897,9.2505e-05
-0.016755603,-0.12904762,0.054934874,0.20553969
-0.14089353,-0.22242509,-0.0009175496,0.07749535
-0.3063392,-0.31485546,0.15035568,-0.01832122
0.17674053,-0.24730603,0.23281604,0.16398786
0.11429961,-0.21954681,0.107654124,0.024106314
0.04313598,-0.079153225,0.03326998,-0.036614764
-0.28900886,-0.106996134,0.041345358,0.11382192
0.3593698,-0.14427854,-0.12792128,0.03756581
0.041453887,-0.027984936,0.032721758,0.028750429
-0.3344096,-0.088181466,0.5176438,0.063418075
0.0785552,-0.061442707,0.05177439,0.12303148
0.37617275,0.1273936,0.33038992,0.48641402
-0.040074106,0.0404506,0.086833626,0.22720663
-0.10037786,0.025465898,0.031326365,0.12639469
-0.10271464,0.15509434,0.16288316,0.1811209
0.182851,0.086269036,0.028200815,0.049066797
-0.06781067,-0.07063627,0.20085041,0.07414014
-0.23703943,-0.2073401,0.21109773,0.2975672
0.06367077,-0.1473964,0.030941932,-0.09288618
-0.41864637,-0.015770473,0.39951444,0.19837442
-0.20839469,0.07762376,-0.0128893405,0.24420458
-0.010676755,0.26702252,-0.13234098,-0.097798415
-0.14954722,-0.1171328,0.025450528,0.16309665
0.10618557,-0.14240001,-0.06770279,-0.024340788
-0.25287414,-0.31051427,0.08910674,0.16680133
-0.40765992,-0.111880675,0.31178802,0.14329286
0.12883905,-0.19326413,0.06804787,-0.07945905
-0.16273458,0.004988198,0.33547288,0.25551164
0.09387019,-0.3778694,-0.09235614,-0.07394133
0.33151516,0.22369272,-0.23997813,-0.15383492
-0.16167144,-0.35310653,0.039720766,-0.03480668
-0.02257803,-0.38151342,0.07006323,0.17658933
0.023905428,0.0034001488,0.16373911,0.12918924
-0.20286827,-0.112537205,0.06591843,0.17799038
-0.03149171,-0.2598926,0.075585514,0.064829536
0.008462675,-0.17456955,0.12917334,-0.049274117
0.37195465,-0.1603542,-0.037658393,-0.02068978
0.038991846,-0.07412776,0.22529663,0.1095787
0.012836439,-0.065598115,0.33530006,0.06827339
0.22917686,0.06352877,0.05785229,0.32104632
-0.14653777,-0.23238607,-0.024983512,0.06768684
-0.09435958,0.08623673,0.12298158,0.13058965
-0.15202104,-0.0597915,-0.0033344107,0.097722955
-0.16417873,-0.17627907,0.53806657,0.506897
-0.21089852,-0.16608055,0.2508215,0.5632667
-0.1226235,0.06919484,0.023847893,0.24046905
0.13984272,0.32566553,-0.009621213,0.07074636
0.035284884,0.14836417,0.06104179,0.20804553
0.3071867,0.26552573,-0.10369233,0.051824745
-0.241102,0.11397302,0.10542662,0.32002625
-0.2367133,0.15029712,0.041164003,0.13682786
-0.1035822,-0.26135784,-0.08446959,0.13442115
0.68312716,0.37357342,-0.014511658,-0.010817158
0.09250936,0.6522487,-0.10675363,-0.015454589
0.3689301,0.25827786,-0.084694706,0.06009724
0.23932135,0.24266854,-0.1548339,-0.0496976
-0.11517441,0.33487287,0.055262983,0.025660323
0.12135129,-0.0076623,-0.020897314,0.19146876
0.14867724,0.05080586,0.06588681,0.06417192
-0.17891853,0.23868515,-0.078717485,-0.010747555
0.117406815,-0.017692309,-0.08417402,-0.08264621
0.11759792,0.18549328,-0.11212748,-0.16082968
-0.0718417,-0.3261412,-0.070632294,0.10467137
0.17750773,-0.061148707,0.124043144,0.012652653
-0.19344327,-0.107893646,0.015131779,-0.12810658
-0.118844226,0.0848898,-0.18360743,0.13736965
0.020571034,-0.05863555,0.008514434,0.01262977
0.36616543,-0.44878384,0.039860904,-0.031462297
-0.011344854,-0.20171657,0.09385271,-0.017149692
0.008310991,-0.11753665,0.29172245,-0.0063869045
-0.36335877,-0.18656144,-0.03663805,0.18765515
-0.12273012,0.29857463,-0.26593462,-0.059370548
-0.18994835,-0.332347,0.04908741,0.16547191
-0.090240285,-0.054652404,0.27670726,0.40985218
-0.10045025,0.09786925,-0.05562532,0.34248802
-0.0632216,-0.11797577,0.1168357,0.34845972
-0.06864686,-0.34758446,0.03378336,0.13986331
-0.20929307,-0.112090126,0.10357676,-0.050037045
-0.05433361,-0.11991903,0.069457725,0.07692438
-0.12860978,-0.27227256,0.05199783,0.118390284
0.016783543,-0.19196965,0.26596153,0.14930122
-0.11383648,0.25147542,0.17691363,0.014635069
-0.22882096,0.06485939,0.062494986,0.07993294
0.013887627,0.00617647,0.12466451,0.27824122
0.2872913,0.08366096,-0.048648987,-0.15834817
-0.08808164,0.24017271,0.16154619,0.0033502162
0.011287478,0.30192512,-0.029471342,-0.0059814607
0.04053749,0.101946056,-0.048688155,-0.00031386482
-0.10764401,0.037142858,-0.079652995,-0.09746419
0.21966963,0.57,0.0069465297,-0.01882724
0.15110132,0.4798961,0.2975591,0.07101422
0.32728958,0.88716495,0.17348221,-0.10407313
0.610845,0.27308628,-0.014730401,-0.009201888
0.34560606,0.36469296,0.004884164,-0.014707855
-0.083809,0.48037267,-0.0055811713,-0.25264505
-0.15313052,0.32607445,-0.08997706,-0.08533881
0.020517929,0.14859444,-0.23528728,-0.041644722
0.026681613,-0.06573248,-0.0027972634,0.1275505
-0.02953614,0.009562607,-0.113231115,-0.0016218493
-0.0022425968,0.071957774,-0.041918755,0.052080907
-0.31525832,0.17972937,-0.033720817,-0.117021814
-0.592415,-0.010077201,0.11923499,0.059874002
0.41989756,-0.022512667,0.2700254,0.081458494
0.20509641,0.12539326,-0.12233952,-0.14589642
0.011969469,0.20438074,-0.23515922,-0.114736244
-0.11597633,0.20341796,-0.003341579,0.08146471
-0.12806872,-0.08796272,0.18117753,0.08701667
-0.2838606,0.26013622,0.03464185,0.17837097
0.0394081,-0.31484398,-0.08716827,-0.11153829
-0.23677371,-0.35731992,0.3163844,-0.039218575
-0.3449046,-0.12606464,0.06083106,-0.07003848
0.013155473,-0.35203537,-0.041731518,-0.065253675
-0.1808931,-0.21175797,0.1176827,0.6776008
-0.03552408,-0.161608,0.053725664,0.363617
0.04423611,-0.19745705,-0.09252165,-0.097341456
-0.28672746,0.026956521,0.09039845,0.30411473
-0.36224157,-0.066908464,0.23519066,0.10216872
-0.11312336,-0.121381894,0.26496157,0.33051834
-0.024611458,0.32113695,-0.10922343,-0.12253896
-0.34826288,-0.25419447,0.22347507,0.03991489
-0.014872801,-0.17748615,0.12634145,0.11174841
-0.10234548,-0.32265058,-0.14071892,-0.0033547985
-0.0035987962,-0.08290148,0.018006187,-0.15155649
0.006058623,0.04711747,0.14920425,-0.08432578
-0.15559915,0.06479253,0.3485231,-0.02581726
-0.16067061,0.021190252,0.18425529,0.30828896
0.17182162,-0.24061821,-0.17212364,-0.028211344
0.027490038,-0.19101015,-0.041464675,0.13478372
0.17595628,-0.08145329,-0.13689944,-0.084755726
0.5885845,-0.017872442,-0.051272646,0.08609999
-0.1323435,0.099978596,-0.28766897,0.07933436
0.49288747,-0.026212893,0.042512305,0.19701126
0.051612902,0.25150442,-0.117632635,-0.10142628
-0.0019520856,0.09665811,-0.119563535,-0.0917364
-0.092487484,-0.042118758,0.1671032,0.13502812
-0.017921146,-0.1721988,-0.0039477535,0.015070916
0.12687439,-0.081690356,-0.0035385115,-0.06652139
0.16436781,0.098321065,0.0033560125,0.008240579
0.070298314,0.1557777,0.13004296,0.09931274
-0.04118991,-0.30314207,0.34673777,0.15515436
0.12194514,-0.08272727,0.06908019,0.012267844
-0.0751894,-0.135,-0.05539137,0.042425323
-0.056975696,-0.40541768,0.2958636,0.21849197
-0.26090673,-0.17049047,0.3467551,0.23253582
-0.07076727,0.26043257,0.09630195,-0.08119852
-0.19124565,0.23035061,0.49027133,0.04924253
-0.2442755,-0.11930159,0.27916604,0.19286665
-0.3250577,0.050714284,0.12791435,0.08977151
-0.57007957,-0.1295936,0.7517825,0.14348982
-0.0015645381,-0.010777203,-0.016840966,0.05561264
-0.044255745,-0.019786447,0.12763454,-0.010652914
-0.123943985,-0.32441187,0.08453483,0.09591653
-0.2523884,-0.2088237,0.5310559,0.17164055
-0.0069392677,-0.33724156,0.5907067,0.21730432
0.3174274,-0.1637191,0.24503231,0.21068084
0.11732653,-0.010385888,-0.032786284,0.014646476
-0.10810374,0.025907336,0.21799323,0.29561663
0.14564532,0.04213848,0.58337384,0.3431773
-0.11598833,0.012705602,0.44996098,0.26545715
0.018144887,-0.11976351,-0.07646119,0.22966318
-0.25264525,-0.050521325,0.040476464,-0.020693915
-0.25670603,-0.0143010765,0.06412166,0.101117395
0.00728394,-0.08247085,0.20228572,0.100379124
-0.36290035,0.037080597,0.21225011,0.23620564
0.08175938,0.11149426,-0.15501921,0.1999269
-0.348708,0.2005703,0.049513154,0.03430032
-0.15759163,0.31738096,0.21429653,0.17912589
-0.023826089,0.11122593,0.48831832,0.35697734
0.16092896,-0.1986932,-0.033300046,-0.23098841
-0.19935206,-0.113620535,0.039101303,-0.05680893
-0.23109646,0.044297695,-0.07308688,-0.0038107343
-0.25386453,0.03639344,-0.09109265,-0.19401841
-0.31034762,-0.119120464,-0.2688108,-0.1685949
0.066108,0.062322423,0.00045632102,-0.08032242
-0.35056064,-0.27132812,0.08623813,0.22646885
-0.16257851,-0.038580023,0.15435575,-0.076424494
0.13070582,0.004452423,0.05400962,0.071303725
0.027333751,-0.21123095,0.19079582,0.25719932
-0.16393715,-0.013814218,0.18854265,0.19778931
-0.27861726,0.2741256,0.28536904,-0.05648298
-0.0132867135,0.14357142,0.31683323,0.07948133
-0.3516316,0.25102362,-0.19351053,0.010483771
0.0058823526,-0.13615043,-0.29231408,-0.18753906
-0.31367633,0.053802412,0.3144073,0.008989381
-0.34118342,-0.06505613,0.17304912,0.06629652
-0.08316055,-0.27568626,0.25903577,0.10536719
0.033027522,-0.3404878,0.05482524,0.27317122
-0.3949827,-0.2897226,-0.15831397,0.11738687
-0.5827452,-0.16670755,0.27687788,0.054232493
0.26761806,0.07262984,-0.04174541,0.047836345
-0.44122288,0.13230069,0.35153577,0.6203561
-0.02424381,-0.27838033,0.21116976,0.15817739
0.11077933,0.3104693,0.15262823,0.023723593
-0.0046353713,0.014562968,0.40101582,-0.053231608
-0.020444445,0.108316824,0.6513049,-0.14161927
0.40337384,0.15124619,0.032190852,-0.18206872
-0.28636995,0.1318707,0.38798812,0.45795155
-0.16613758,0.0571875,0.24307232,0.39638692
0.04857143,-0.08406015,-0.09214817,0.0105159115
-0.13379721,-0.15354167,0.28435165,0.18981612
0.21981567,-0.007339539,-0.1211409,-0.06561369
0.21103144,0.09670183,-0.17921315,0.16553752
0.007265755,-0.15884979,0.025094608,0.17232259
-0.16501947,-0.033151202,0.17356761,-0.013161051
0.13849252,-0.449016,0.21571651,0.10412512
-0.37345663,0.24509445,0.36898118,0.13523215
0.19535865,-0.2755612,-0.014821252,-0.0416951
-0.19316503,-0.062906206,0.0046754396,-0.02167853
-0.19433963,-0.3697866,-0.1309053,-0.21252778
-0.44122115,0.23358464,0.014403014,-0.05209713
-0.24488889,-0.14744039,-0.1042403,-0.022709481
-0.20423348,-0.28231686,-0.1898324,-0.1210845
-0.081366464,-0.5192923,0.3275864,-0.009201947
-0.18548726,0.25194457,-0.054593023,-0.08475199
-0.19888358,-0.11299467,0.27082175,0.08463105
-0.2839431,-0.064851,0.2652031,0.05745095
-0.087200895,0.0085663395,0.2960826,0.013766552
0.02337986,-0.12928839,0.1592182,0.09530546
-0.27981263,0.10307634,0.42335904,-0.044252086
-0.29414225,-0.09572925,0.10134977,0.15313925
-0.14139982,0.048823528,0.44241723,0.09985248
-0.21594529,0.027212728,0.18608701,-0.06516795
-0.22653846,0.28462154,-0.0328659,-0.024611603
-0.6,0.3999222,0.49848762,0.35307372
-0.26278165,0.1946875,0.1716949,0.4142487
0.094915256,-0.09404592,0.012119073,0.20943072
0.10058682,-0.023152709,-0.05394852,0.27270448
-0.52635664,0.31604102,0.34741515,0.2925092
-0.48261103,-0.15014675,0.03956501,0.1492706
-0.10353774,0.012123176,0.25510123,0.15625428
-0.35373133,0.062456597,0.58021635,0.34854332
-0.46686032,0.09269063,0.47058082,0.15241657
-0.03715847,-0.121032864,0.15690969,0.33047608
0.1296444,0.3187594,0.13906473,-0.039034892
0.3651712,-0.077929914,-0.15325442,-0.18435548
-0.10152726,-0.23560275,-0.054862425,0.13714506
-0.022632621,-0.13149321,0.10774747,0.22074468
-0.09280008,0.28711236,0.07155694,0.25335166
-0.06716059,0.020996884,0.2452933,0.084072635
-0.23400809,0.061135314,-0.00029401062,0.012492555
0.2586087,0.22452049,-0.05856238,-0.21485925
-0.41067466,-0.09853211,0.22705057,0.35705602
-0.25055248,-0.5748867,-0.263874,-0.011248484
-0.19060999,-0.3999331,-0.43051943,-0.06413599
-0.024258252,0.08006658,0.050479975,0.42458564
-0.11483912,-0.30603263,-0.15301993,0.03445117
-0.41428065,-0.3857014,-0.13351376,0.039309382
-0.16207713,-0.16600941,0.23524342,0.10571723
-0.15291631,0.01995198,-0.098661795,0.06160449
-0.121366605,0.6762637,-0.14493766,-0.08079875
-0.27574304,0.2100637,0.12201908,0.038968354
0.3248366,0.16066182,0.34363243,-0.016161095
0.1641115,-0.008529412,0.003072751,-0.07701112
0.20945925,0.06919109,-0.09724488,0.02583765
-0.17590405,-0.052938696,0.10667756,0.010325313
-0.31511626,-0.0649865,0.05849212,0.19749528
0.3355051,-0.28838968,-0.20233579,-0.1419441
0.24494562,-0.23484664,-0.15899639,-0.0067564603
-0.068976894,-0.29946822,0.3888689,0.020358978
0.061835747,-0.032658838,0.17731383,0.17852554
-0.014492754,-0.22568391,-0.04088719,0.24697974
-0.3358883,-0.03743494,-0.09593927,0.14024985
-0.11304067,-0.19996753,0.05512084,0.065272145
-0.24356388,-0.07398601,0.19010237,0.01668897
-0.24161617,-0.115983576,0.14889821,0.0014180255
-0.39926356,-0.34745148,0.23856235,-0.09349178
-0.22286913,0.0062114857,-0.2162021,-0.29631767
-0.03767699,-0.15729037,-0.06361191,-0.018201381
0.043646887,-0.10109247,-0.08189978,-0.093640774
-0.23790352,-0.17025696,-0.0050140913,0.044603683
-0.15992463,-0.12971304,0.06360262,0.10012252
-0.23380433,-0.024559736,0.07827034,0.04477147
0.13344556,-0.061237622,-0.30632088,-0.055502146
-0.31368715,-0.18690355,0.53175664,0.13648477
-0.33147895,-0.25107217,0.09629204,0.0049175583
0.009447321,0.31753224,0.24510631,0.11631308
-0.20408164,-0.2224041,-0.060051795,0.027216155
-0.22685382,-0.12908202,0.41629454,0.1891663
-0.14577165,-0.31242716,-0.16787614,0.043442965
-0.28167355,-0.4594032,-0.05406006,-0.07631268
-0.14631361,0.054257814,-0.002373603,-0.17302284
-0.18405579,-5.8479607e-05,-0.22502656,-0.29085264
-0.1796402,-0.17814638,-0.26912448,-0.122864805
-0.19792709,-0.44579652,-0.2921612,-0.2493673
-0.117595315,-0.3577169,-0.12269929,0.09565184
-0.0844924,-0.12205674,-0.19261205,-0.20704037
0.16868818,0.2723464,-0.019395562,0.24102694
-0.27420238,-0.12367615,-0.0925102,-0.09969629
0.0007866267,0.05353114,0.110861786,0.07815141
-0.12701023,0.0071620503,0.0813484,0.18508159
-8.272007e-05,-0.009234695,0.03269733,0.00769703
-0.09018661,0.004389568,-0.059896816,0.055272557
-0.31993127,-0.1931546,0.07831515,0.15527089
-0.18,0.0132575715,0.034490928,-0.057940967
-0.23043479,-0.067027345,0.06674914,0.08045646
0.057956524,-0.13726947,0.33097103,0.18466215
-0.09489539,-0.10221879,0.12330399,0.24902987
-0.22487806,0.28369257,0.031642586,0.08270582
-0.27413294,-0.09829657,-0.09234601,0.06704142
-0.2608887,-0.06451045,0.026557414,-0.27986616
-0.20716181,-0.30280066,-0.037691094,0.038306683
-0.16271627,-0.08016494,-0.10183194,-0.22720604
-0.20892857,-0.08061299,0.112664424,0.18761253
-0.021276597,0.073661014,-0.11024618,-0.17104915
-0.0714989,-0.01958495,0.16746823,0.15070917
0.0062522804,0.030935671,-0.0273312,0.00049076875
-0.19029537,0.17366013,-0.11461027,0.15260816
0.053846154,0.12725738,-0.0026807832,-0.03501906
-0.11455542,0.019453442,0.012833593,-0.22649743
-0.024702236,0.16825137,-0.18546392,-0.16757786
-0.18618716,-0.06277777,-0.2985997,-0.22858325
-0.2980011,0.4214815,-0.12735237,0.0011101478
-0.4073181,0.24880503,0.008214255,-0.07752777
-0.31640396,-0.19049819,-0.17110588,0.20068857
-0.4762698,0.019275654,-0.0494038,0.2795216
0.19624329,-0.052084308,0.03674865,0.15780266
-0.27815455,0.2177036,0.13113779,-0.10542617
-0.19213828,-0.06330219,-0.018997496,0.13189358
-0.03784278,-0.27916098,0.05901527,0.04208522
-0.17615332,-0.2582871,0.22061151,0.07171148
-0.17243963,0.09040822,-0.07000652,-0.18790635
-0.26593885,-0.33571914,-0.041433886,-0.13858168
-0.4010471,-0.29426572,0.14235896,-0.015967254
-0.48285016,0.52382094,0.26505467,-0.13004543
-0.020523384,-0.1407838,0.08343335,0.053290784
-0.084967315,-0.076130316,0.26206538,0.12896465
-0.24285714,0.007859242,-0.046680044,0.012528696
-0.34374037,-0.27121702,0.4031896,0.050821755
0.007843137,-0.28270742,-0.036317553,0.060307432
0.04993962,0.27197352,0.090989806,-0.16997778
-0.11352983,-0.065797105,0.034497004,-0.2735282
-0.093769476,-0.1510376,0.5225949,-0.11030631
-0.5741118,0.05844078,-0.09385106,-0.27749747
-0.25448313,-0.63046825,-0.1954862,-0.07625245
-0.33906356,0.07328729,0.067210294,-0.15700051
-0.22496127,-0.086839825,-0.053321797,0.047064222
-0.25935233,-0.15395974,-0.31686226,-0.24909164
-0.0019607842,-0.16016835,-0.24735339,-0.032154653
-0.26940903,-0.0006995816,0.31745163,-0.09023747
-0.29091167,-0.39806753,0.024337528,0.24291658
-0.19655648,-0.37043956,-0.007974023,-0.073737666
-0.0659515,0.7311699,0.057687454,-0.35883096
-0.49462917,-0.17559691,0.30748856,0.071543016
0.06645367,0.21384615,-0.02107737,-0.21939252
-0.28170267,-0.1353523,-0.15530345,0.34159648
-0.32797277,-0.09291348,-0.09078623,-0.08558482
-0.06778309,0.30073935,-0.33628643,-0.2623185
-0.2136518,-0.2384146,-0.07232295,0.06696121
-0.26473585,-0.024191681,-0.058842182,-0.0046312036
-0.51070946,-0.41043732,0.3122117,0.1670448
0.2167769,0.30119404,-0.26281095,0.01067077
-0.22081292,-0.06661497,0.14939217,0.06412856
-0.067514315,-0.17585127,-0.09540436,-0.0048633954
-0.12980814,-0.33165032,0.007539223,0.11792727
-0.22468317,-0.017395008,0.016178414,-0.115560666
0.0104891695,0.029456906,0.07520452,-0.13074602
0.084490746,0.0006799232,0.017601002,0.22708552
-0.2406395,0.033749998,0.2832888,0.22518742
-0.06342527,-0.31373987,-0.13917989,0.06945442
-0.12042712,-0.19477782,0.0026194672,-0.17777368
0.23361135,0.3256495,0.09842848,-0.13687739
-0.14735115,0.056071427,-0.04222912,0.13751039
-0.10985762,0.29893336,-0.14810216,-0.08350918
-0.15136096,-0.21860488,-0.16906372,-0.17309237
-0.1157137,-0.06898932,-0.0056401053,0.019586824
-0.1872382,-0.05191857,0.28005248,0.49246654
-0.34730756,-0.14841011,0.30036104,0.2125154
0.027349813,0.08966555,0.13358796,0.041757658
-0.2574926,-0.16839914,0.023164183,-0.05933873
0.02109375,0.05598089,0.80133593,0.529211
0.4277487,0.38942325,0.47741485,0.6847108
0.07775709,-0.19814757,0.100919835,0.5142559
-0.20978306,0.019482303,-0.16010465,-0.0315482
-0.025141027,0.33722007,-0.0146837775,-0.031535197
-0.42402884,0.024185773,-0.2900298,-0.19285463
-0.17430915,0.027697422,-0.12135593,-0.09884833
-0.15894122,0.2736583,-0.23576146,-0.2114416
0.08491163,-0.14728229,0.06042786,0.23805301
-0.10081732,-0.09315094,0.37709373,0.049544275
-0.26457036,-0.25613293,-0.09624075,0.041833773
-0.22799657,-0.24374019,0.23591328,0.28856087
-0.027122084,0.1436063,0.05166038,-0.008667379
-0.16620333,-0.16672994,0.2647245,0.42047584
-0.03252884,0.23417747,-0.0053891796,-0.06341543
-0.22206573,-0.12303376,-0.1502668,-0.07250248
-0.1262431,0.056396846,-0.22180364,-0.13687018
-0.07868843,0.21525252,-0.016350172,-0.08494977
0.043738574,-0.2366863,0.026887989,0.12800778
-0.062616825,0.22777803,-0.194239,-0.035910863
-0.0011377297,-0.17105827,-0.08180179,-0.113201655
0.21432629,-0.29581472,-0.24166964,-0.19591309
-0.21324098,-0.09601045,0.05473634,0.33187973
0.006841339,-0.19065523,0.020338444,-0.07544775
-0.26067707,-0.27370965,0.08090096,0.24075547
0.5626959,0.21320273,-0.24035166,0.12582894
-0.13035344,0.22819212,-0.23720221,-0.04530619
-0.15320367,0.013612684,0.36548856,0.69056857
0.8769262,0.11508022,0.78665644,0.91775936
-0.15409465,-0.24280782,0.19720225,0.16930898
0.090862945,0.82641685,-0.15010397,-0.07749251
-0.45472476,-0.14034356,0.27366224,0.16576125
-0.1796605,0.27378902,0.045268808,-0.17121466
-0.20073943,-0.04636577,-0.051331244,-0.12078882
-0.26186338,-0.26574162,-0.09375104,-0.13134924
-0.2857463,-0.06051894,0.109492525,0.09535692
-0.12959732,0.013670153,-0.11801959,0.027492898
-0.22096941,-0.06496389,-0.08028755,0.090227455
0.074366614,-0.28661123,-0.17337775,-0.122582
-0.059810873,-0.07768595,-0.105845444,-0.07090623
-0.38036147,-0.12167558,0.10203417,0.07394447
-0.2836571,0.25310567,0.22152053,0.23465568
-0.17238535,-0.08901484,-0.093050264,-0.038757488
0.1447619,0.2429197,-0.19964413,-0.0446364
-0.09858824,0.4496197,-0.08288034,-0.14901991
-0.13156463,0.066847295,-0.12790217,-0.045850597
-0.10069904,-0.023765735,0.13640887,-0.04250224
-0.060768772,0.20427406,-0.2668664,-0.1348099
-0.22582781,-0.016191922,0.10106673,0.29961887
-0.14003459,-0.19513515,-0.0019111242,-0.10633412
0.1432995,-0.18526615,-0.008977129,-0.13090126
0.26180258,0.1361147,0.10131213,-0.03171418
-0.26212338,0.04813855,-0.016375976,0.056065556
-0.3819631,-0.397931,0.3050644,0.042522598
-0.17235339,-0.22058788,0.121868044,0.03242276
-0.16658291,-0.18343751,0.08711018,0.040656336
-0.26426238,-0.30607358,-0.029848032,0.10171003
-0.02212799,-0.23770072,0.2665668,0.4121862
0.18526122,-0.12433334,0.23190048,-0.09392645
-0.13421269,-0.22510417,-0.0029741852,0.20810886
0.06595744,-0.26815286,0.13875034,0.19422191
-0.046642687,-0.25049904,-0.09384209,0.073197596
0.6124183,-0.19328941,0.1604602,0.1400028
0.45020083,-0.06941891,-0.19760229,0.1162224
0.037790697,-0.10866469,-0.19339904,0.066660546
-0.13834652,0.005124771,-0.03331313,0.17567174
-0.6383939,-0.04611111,0.05204454,0.32049617
-0.30521253,0.13491035,0.18480204,-0.18593234
-0.3973964,-0.34418023,0.41452187,0.3061184
0.08456376,-0.18801916,0.020455133,0.06738252
-0.011746407,0.57595855,0.08780196,0.05639278
-0.18671033,0.020623608,0.07916797,0.031279273
-0.001783397,-0.32124567,0.18536282,0.21930358
-0.14113924,-0.15022838,0.02017548,-0.12537302
0.39174214,-0.5680722,0.029417042,0.19374676
0.7866207,0.04876005,0.3908779,-0.11460545
-0.25839692,-0.14062552,0.014144603,0.2061328
0.02689394,-0.2904672,-0.2982285,-0.097049795
0.16100806,-0.37324238,0.1517369,-0.07033861
0.060068846,-0.04317197,0.47779104,0.17838678
-0.007247038,0.4051484,0.07516969,0.16751085
-0.26154485,0.4497637,0.20657046,0.29871458
-0.26398963,0.32321995,0.09023214,-0.09144481
-0.090516046,0.020906594,0.04862236,-0.1737175
-0.09523809,-0.23052917,-0.15851606,-0.011066449
-0.05099206,-0.05154619,-0.09421888,0.03943928
0.08719176,-0.096117064,-0.09584996,0.028657649
-0.046075087,-0.456865,0.19090755,0.09472944
0.3904327,0.0066223005,-0.09252652,0.086270295
0.29337263,0.06436677,-0.18707024,0.02828592
-0.19516918,-0.3954373,0.39739868,0.06449266
-0.30235168,0.22157267,0.07287301,-0.14948136
-0.31817436,0.17979771,0.061107017,-0.062817395
-0.13372761,-0.2522684,-0.10278289,0.13198192
-0.43825582,-0.30464676,0.24805535,0.049672622
-0.4820473,-0.25975728,-0.013819612,-0.18634744
-0.0052493066,-0.29505596,0.098938875,0.05084056
-0.3949583,-0.3938494,0.114002906,0.0235588
-0.20493047,-0.28649676,0.13387094,-0.07052949
-0.23152141,-0.11539994,0.020921748,-0.19830713
-0.28828573,-0.3417768,-0.0056914715,0.04115037
-0.5696441,0.039635748,-0.13085058,-0.22389223
-0.19771826,-0.016155634,-0.044823818,-0.22562918
-0.17386806,-0.33693987,-0.008073508,-0.05481036
-0.3352941,-0.39638793,0.23553869,0.40309924
0.06135663,-0.07010938,-0.10165017,0.03295422
-0.2035461,0.09176296,-0.011472406,-0.040591054
0.3199448,0.44452792,-0.015820486,0.00958473
0.2113458,0.072914705,-0.035232294,0.022618776
-0.2582677,-0.28959706,0.025838368,0.14235604
-0.21799856,-0.40011206,0.028384503,-0.009435718
-0.28772563,-0.22486433,0.23609631,0.0048009483
-0.18072355,-0.442215,0.0913304,0.19556133
0.06977679,0.0077025527,0.13242394,0.03111451
-0.18413673,0.1398454,-0.1388,-0.18767257
0.32480136,0.15482683,-0.18963873,-0.2070643
-0.4707675,-0.3427397,0.21871442,0.27781564
0.09761904,-0.21166667,0.5206447,0.07830755
-0.015290216,-0.281718,0.56237185,0.09571437
0.10539605,0.04911392,0.06986841,0.13417745
0.06297767,0.37396583,0.10993576,0.057097282
0.78544635,0.012426689,-0.13359877,-0.023644935
0.07971887,0.31504458,-0.18236879,0.1240262
-0.061155383,-0.05331176,0.21132997,-0.16440679
-0.15048671,-0.34041417,0.1763522,0.06426077
-0.12911308,-0.20616756,-0.07530122,-0.13850202
-0.13177413,0.045470852,0.19702426,0.07733494
0.071100995,-0.02614548,0.018199041,-0.039408594
0.106583074,-0.18564671,0.11681369,0.22307779
-0.1777512,-0.14851674,-0.01914548,-0.04355253
0.24264184,-0.09583238,-0.12475656,-0.10939709
-0.09113838,-0.28822264,0.061861794,0.1825967
-0.36274102,0.012152084,0.15263031,0.022626778
-0.07885392,-0.20897059,-0.013739509,0.16747466
0.33306202,0.2233269,-0.07413866,0.042958185
-0.09766807,-0.1823301,0.04080771,0.2543611
-0.37802875,-0.315075,0.326511,0.28585178
-0.1897508,-0.018280119,0.22337288,0.18939538
-0.22500001,0.031589888,0.0038614296,-0.013079252
-0.16731387,0.08329037,-0.06866349,-0.12370293
-0.23837374,-0.22658324,0.15452598,0.14155373
-0.27171522,0.02162612,0.029709265,-0.039132763
0.2354633,-0.053370733,0.06953822,-0.07344509
0.114093244,-0.3611046,0.025473598,-0.14431347
-0.011329129,-0.3493665,-0.08507361,-0.07654886
0.01111111,-0.3167335,0.3311894,0.11816248
-0.045126606,-0.5039937,0.07618017,0.14674643
0.09424582,-0.25657052,-0.10143135,-0.17761433
0.034793597,-0.27541426,0.114613354,-0.016784659
0.025709651,-0.10635258,-0.009710437,0.036850147
0.004547635,-0.24632959,0.08207075,0.20521906
-0.00047938712,-0.29266623,0.140213,0.022330696
0.27917638,0.041288517,0.06739968,0.105808936
-0.366711,0.258663,-0.06817293,-0.16806467
-0.31837606,-0.020714287,0.25539762,0.06567941
-0.233438,-0.27164555,0.16292532,0.107751176
-0.21688098,-0.12082796,0.4456473,0.2931269
-0.025649663,0.19968109,0.16322936,0.1334844
-0.05923542,-0.13349299,-0.12388037,-0.067155376
-0.08354832,-0.0665357,-0.0028461379,0.30099788
-0.11280076,-0.06420168,0.07643792,0.07429133
0.13337515,-0.022962965,-0.014480463,-0.070853986
-0.13025793,-0.35245907,0.006315016,0.3843926
-0.015442453,-0.12047884,0.18272321,0.2529236
-0.19132581,-0.1248585,0.018286074,0.35171115
0.32980296,-0.07395609,-0.1278226,0.20545764
0.50005424,-0.0058251396,-0.032638203,-0.017909462
0.43249032,-0.22544277,0.11564647,0.24108733
0.00860215,-0.16720176,0.21271218,0.16137487
0.12878877,0.26591614,0.1378512,0.006156296
0.37572816,0.051792584,0.045538027,-0.022123653
-0.06165592,0.23749104,0.13506086,-0.057905667
0.11014037,-0.3069891,0.23397855,-0.054582775
-0.20931724,-0.23749878,0.21896733,0.24792038
-0.078762054,-0.0055418294,0.25633696,0.102898866
-0.22454515,-0.32097897,0.18894012,0.18861559
-0.11098039,-0.31639788,-0.061256204,0.11353526
-0.16130269,-0.19937897,0.036454435,0.009272801
-0.0597384,-0.45957848,0.043338608,0.05322273
-0.2008893,0.11733627,0.016891573,-0.08655878
-0.120911464,-0.2828402,0.08259936,0.20046088
-0.26389837,-0.4722217,0.36173624,0.3889296
-0.27093762,-0.2351269,0.20455967,0.14122295
0.00821967,0.18861324,-0.037128143,0.07338207
-0.13168259,0.595519,0.08203494,0.2825324
-0.111764714,-0.046486486,0.47022125,0.17113318
-0.043778803,0.1321011,0.27611107,0.4597985
-0.16916804,0.44329092,0.24173799,0.27833065
0.13070957,0.18289742,0.12433368,0.22149314
-0.01890868,0.14362225,0.09483935,0.22306417
-0.09814471,-0.14406191,-0.064759076,0.01278431
-0.28968692,-0.25071728,0.5687867,0.15381438
-0.22439498,-0.07187411,0.19363612,0.003191801
-0.113850415,0.21077038,0.11112712,0.2188859
0.03178914,-0.3298866,0.1542692,0.23047458
-0.026258502,-0.25700954,0.26902193,0.46196452
0.243,-0.14121106,0.35537252,0.08327929
-0.13866174,0.1745093,0.25203592,0.060335264
0.17489398,-0.0065899547,0.0060089575,-0.013151337
0.338725,-0.24688412,0.06560074,0.04180011
0.17005692,0.2753511,0.052386876,0.20821975
-0.4007836,0.15358792,0.030809537,-0.035121575
-0.21247864,0.092777774,0.16562527,0.18308346
-0.14282766,-0.18899675,-0.09219265,0.045184553
-0.050541032,-0.21012901,0.07715889,0.111516416
-0.205178,-0.31603557,0.09549197,0.26029757
0.039307535,-0.17757076,0.111140825,0.3175863
-0.24057303,0.05517028,0.03423361,0.20697942
-0.014043994,-0.39069563,0.0457817,-0.0049230605
-0.10080606,-0.2419606,-0.22200732,-0.25883418
-0.049431097,-0.3434442,0.1752478,0.0040887333
-0.13967359,-0.2755142,0.07736743,-0.038512733
-0.043359052,-0.08083701,0.043602824,0.031075712
-0.1618162,0.221789,-0.059758935,0.05327382
-0.45141968,-0.08939497,-0.040422972,0.08530382
-0.18805377,0.13524112,0.26698723,0.17732999
-0.004003022,-0.36449766,0.36797526,0.32870874
-0.29603174,-0.001323346,0.11605978,-0.018497545
-0.3003715,-0.21295151,-0.124489695,-0.1148727
-0.30917874,-0.061183434,-0.092466585,-0.02123824
-0.17099279,0.12179786,0.3145605,0.5589841
0.34523812,-0.1995906,0.22212107,0.33181885
-0.3068625,0.2970664,0.7655394,0.42991024
-0.29812405,-0.2703989,0.22001843,0.027261056
0.028073898,0.03422043,0.40360722,0.29423755
-0.0865439,0.11274758,0.36384416,0.3582377
-0.0011583008,-0.04795761,0.19826789,0.03041267
-0.15368964,-0.18364425,0.23682517,0.035757504
-0.11811632,0.051069498,0.3841815,0.3168447
-0.18476066,0.28866482,0.1193264,0.23501112
-0.122291505,0.040575337,0.42895684,0.07351647
0.3566064,0.17484526,0.4744266,-0.22779593
0.3430993,-0.48773053,-0.13466592,-0.025980782
-0.09919512,-0.116189644,0.006552801,0.112346716
0.042344496,-0.3366383,0.15491125,0.20710854
0.6407953,-0.22653061,-0.034355097,-0.039846677
-0.12026049,-0.1744033,0.10078961,0.47508284
-0.35348758,-0.39971292,0.032823876,0.20555782
0.16324443,-0.29563218,0.49947602,0.26882946
-0.12888889,-0.09551136,-0.0004588258,0.23369062
0.04669868,-0.43654674,0.106293656,-0.0934574
-0.33471325,-0.3219469,-0.06471668,0.26095536
0.048277467,0.00085850246,-0.1607429,-0.045484256
0.7499331,-0.1742664,0.08634895,-0.10779711
0.2464765,-0.13379306,-0.12285122,-0.14407353
-0.13655914,-0.15688646,-0.18312004,-0.082253404
-0.3176128,0.3535969,-0.29921475,-0.23766118
-0.4722856,0.11753623,0.13306497,0.0504693
-0.29356846,0.07238328,0.21767735,0.14260453
-0.17309327,0.018608067,0.09781675,0.23931395
-0.1891185,0.12781486,0.26802433,0.10150054
-0.032588374,-0.14348881,-0.036209792,0.14630216
0.09776536,-0.15811753,0.18086831,0.008562437
-0.32403734,-0.10216038,0.16961986,0.07405833
0.22689763,-0.23873211,0.38282827,0.15752843
-0.09274399,0.04723684,-0.06435497,-0.023037812
-0.091784045,-0.33864766,0.06235352,0.13156581
-0.07391021,-0.0070954356,0.35256094,0.31961167
-0.09787269,0.020681817,0.2544049,0.19541728
-0.16382276,-0.2581552,0.06933396,0.077636756
-0.09097643,0.018904991,-0.11872446,-0.11909199
0.014201667,0.4653708,0.0015007193,0.26885337
-0.33610365,-0.021143224,-0.0136990575,0.12386
-0.2726731,-0.10716587,0.091830894,-0.002133721
0.02345467,-0.16313769,0.2706292,0.14977379
0.1492438,-0.19037066,0.20636074,0.12362691
-0.14135128,-0.052857142,0.020537814,0.21984155
-0.081455365,-0.18439195,0.07548108,-0.113307886
-0.06518005,-0.35635853,-0.056677684,0.24188742
,-0.13301922,,0.8099067
-0.30373466,-0.54864377,-0.023517681,-0.050716095
-0.4599752,,-0.15114816,
-0.035383448,-0.21174003,0.33752492,0.08290772
-0.26108453,0.008493151,0.29811266,0.53354055
0.052681386,-0.05778778,-0.100794934,0.09864479
-0.07461424,-0.0026573427,0.09104676,0.3505406
-0.0923049,0.5593182,0.15819897,0.7844716
0.103685126,-0.26903573,-0.08936509,-0.15660885
-0.23666795,-0.10773428,0.22138189,0.023552442
-0.34623727,0.24031524,0.0965425,0.13049784
-0.020316493,-0.18093881,0.027394341,0.296481
0.17551902,-0.117266014,-0.07817427,-0.06712377
0.096342474,-0.11054945,0.39215916,0.2684286
0.1546091,0.059561815,0.20779754,0.4081479
-0.07138869,0.2299233,0.27240112,0.5485657
0.12176651,-0.19278547,0.16625653,0.17587246
-0.18829742,-0.111470595,0.15208785,0.36442506
0.04709802,-0.19824503,0.072918914,0.5643188
0.08915526,-0.107237935,-0.12080462,-0.019128323
-0.24313186,-0.21379624,-0.046838164,-0.04718702
-0.19283238,-0.20483395,-0.15320411,-0.20601399
-0.2453746,-0.30178392,-0.11873658,-0.12237328
-0.14609586,0.014693417,0.26659814,0.3811489
0.6293184,0.40535027,0.47047386,0.2992214
-0.06044672,-0.235,0.045896653,-0.12695466
-0.21392405,0.06970005,-0.037463486,0.07687231
0.1868048,-0.25020677,0.10731352,0.21740767
-0.35057646,0.058862265,0.49567288,0.42652693
-0.054514598,0.46957555,0.2687679,0.29964942
0.5730769,-0.177636,-0.06420787,0.025975946
0.20135388,-0.233784,-0.23191547,-0.22106339
-0.050043743,0.417619,-0.2222588,-0.21056664
-0.26080778,0.40310976,0.022618739,-0.06085511
-0.3092036,-0.12103562,-0.23126125,-0.15673774
-0.16890872,-0.40790874,0.093469724,0.32695392
-0.07167488,-0.023725104,0.064658605,-0.18518008
0.06238401,0.23369798,0.08418236,0.28286397
-0.12924528,-0.44010204,0.079445556,0.02309108
-0.20526317,-0.07888308,0.18371478,0.4715897
-0.1444571,-0.099408865,-0.06058444,0.048218198
-0.7069869,0.38681355,0.3471809,-0.074251555
-0.2629312,-0.04031201,0.09854669,0.20227201
0.107970834,-0.103734225,-0.01572383,0.2745233
-0.22178957,0.14732932,-0.09958959,0.02563828
-0.10807055,0.25961286,-0.18569605,0.29440996
-0.20061533,-0.34312412,0.40685058,0.1932576
-0.018193718,0.31027266,0.06900989,0.3808917
0.026945524,0.18945475,-0.14021248,-0.11343907
-0.23911653,-0.08597402,0.111232325,0.15678598
-0.10237801,0.22354364,0.087357104,-0.0370862
-0.09670855,0.36876622,-0.041766226,0.043343127
-0.080219835,0.11253533,-0.11613337,0.10605823
0.02990684,-0.12732892,-0.2065856,-0.095897704
0.00011392124,-0.20168929,-0.14277805,-0.0736684
-0.37125218,0.23488387,-0.0656307,0.10245385
0.43812156,-0.19206107,-0.025427977,0.27461362
-0.06723647,-0.32388887,-0.116935395,0.043107383
0.15904976,-0.08162768,0.18140535,0.042394977
-0.45535535,-0.28737575,0.036176465,-0.19144057
-0.05576619,-0.32710096,-0.13418268,-0.09329808
-0.36197335,-0.23332007,0.2672635,-0.13952795
-0.10868727,-0.023261532,-0.08755537,0.06400753
-0.5485488,0.252812,0.14043161,0.039461922
-0.025876462,0.13872023,0.005420655,0.20638375
-0.1973422,0.26512954,0.26112372,-0.052638922
-0.12433863,0.022560297,-0.05243542,-0.01087962
-0.07470006,0.15817969,-0.29731762,-0.13874325
-0.26798245,-0.24624573,-0.055913057,-0.21885683
-0.0789731,-0.06404361,0.3123875,-0.10210075
0.5190476,-0.107125,-0.0021637443,-0.29278246
-0.26869094,-0.04327273,0.3233896,0.09168792
0.043923967,-0.21171372,0.04712959,-0.008377534
-0.21074477,-0.11118111,0.109321766,0.015280952
-0.3779195,-0.055898506,0.2884642,0.008015985
-0.112696216,0.109975785,0.09320009,-0.10043804
0.24196428,0.4068219,0.08236229,-0.030763935
0.009038915,0.029569421,0.41648215,0.44240063
-0.16090287,0.14293751,-0.04655754,0.070244625
-0.16079907,-0.098986715,0.16333207,0.2996587
0.07114094,-0.2185607,-0.067729846,0.015046578
0.07290682,-0.017083041,-0.051530235,0.31341597
0.0658894,0.5949828,0.2294654,0.6290034
0.21868098,0.8851754,0.14029926,0.2079355
-0.06492537,-0.013535354,0.05044285,0.3192683
-0.44463277,0.70552975,0.30568597,0.32497036
0.24441528,0.12978329,0.39211792,0.43529004
-0.005000001,-0.15303634,0.12214988,0.04291546
-0.27945945,-0.1094898,0.12252961,0.21358474
-0.13163017,-0.5257818,-0.08253854,-0.06804714
-0.01894993,0.016625173,0.038112346,0.081567414
0.4585242,0.009688109,-0.30218267,-0.3669567
-0.28158346,0.06429379,-0.15214239,0.111555986
-0.007925801,0.19026554,-0.107477866,0.09234617
-0.02565552,0.22768451,0.30407882,0.4515855
0.001165254,0.033758298,0.06684507,-0.1914121
0.16383415,-0.23431782,0.2772838,0.23349065
-0.35407206,-0.15381975,0.28491217,0.022076208
-0.34088767,-0.036351353,-0.004020004,0.13551015
-0.2464418,0.7658387,-0.06811569,0.01769538
-0.12733078,-0.2287137,-0.015669905,0.21838729
-0.1821162,-0.07339604,0.15651079,0.05615114
-0.1821192,0.0122466115,-0.21108726,-0.043511484
0.13014926,0.3061775,-0.10762831,-0.06758507
-0.05249295,-0.22575046,0.0063303676,-0.28641543
-0.08898786,-0.1932471,-0.096656166,-0.16467002
0.08573797,-0.24556623,0.0637215,0.40191728
-0.29896826,-0.26132977,0.023639109,-0.061238177
-0.1984545,0.22236542,0.19587249,0.1576708
-0.12678221,-0.21706672,-0.026337292,0.08580525
-0.35239235,-0.4619699,0.5267871,0.24431114
0.1993311,-0.53977174,0.03206757,-0.14976172
-0.24902172,-0.099625856,-0.06515065,-0.0065994365
-0.31467408,-0.2219147,-0.011603094,-0.06267498
-0.26015845,-0.268316,0.08038243,0.102929935
-0.16939041,0.13498335,-0.12583807,-0.024825504
-0.18077034,0.35871345,0.15085222,-0.14504871
-0.42610168,0.04408864,-0.1288266,0.061249044
-0.09792961,0.26065585,-0.068796836,-0.17614713
-0.09891775,-0.040504586,-0.12789491,0.21568705
-0.131491,-0.063088104,0.33757892,0.20184356
0.10645001,0.010233947,-0.0494588,0.28756097
-0.03538122,-0.31882977,-0.036241103,0.28962496
-0.013759054,-0.25826517,0.2331857,0.08471987
-0.07619047,-0.030114941,-0.22482136,-0.09755884
-0.3556391,-0.1579592,0.095007084,0.17199376
-0.06033403,0.38590166,0.11036055,0.036046978
-0.07710001,0.25205675,0.13319384,0.182882
-0.13858278,0.15297297,-0.0177652,0.10410913
-0.02764858,0.044675324,0.03845964,-0.07629243
0.05652174,-0.08882883,0.22584435,0.06474827
-0.010891089,0.26931036,0.2753765,0.22797078
-0.06920557,-0.060802568,-0.11841434,0.07217639
-0.46704444,-0.24387415,-0.012735786,0.2904189
-0.5297906,-0.067874014,0.028973218,0.17972133
0.06742081,-0.36979133,0.10138489,0.15033643
0.1834925,-0.45076376,-0.07344445,0.05834763
-0.20387685,0.29458112,0.18217264,-0.09936137
-0.25332892,-0.22268862,0.31559294,0.046757057
-0.029609818,-0.2458572,0.039572492,0.12682222
-0.23033424,-0.39013433,0.33676282,0.53506577
0.03818378,-0.074138,0.09028488,-0.022769386
0.14096385,0.04283878,-0.2101203,0.22703663
-0.14579248,-0.041025206,-0.059130356,0.27777395
-0.038108703,-0.12759194,0.11369909,0.16386068
-0.23447303,-0.11984119,0.30835518,0.32928038
0.1598943,-0.21816327,0.09463648,0.38973767
0.09272188,-0.16309716,0.15732254,0.21847975
0.07194021,-0.033298817,0.15057284,0.074224845
0.37994814,0.10340561,-0.056931313,-0.09317593
0.18804958,0.32048413,0.016367793,-0.089934304
-0.19934838,-0.2793517,-0.12914048,0.24170375
0.06482412,-0.16596027,-0.03901121,0.058651548
-0.21602565,-0.16369207,0.43397784,0.2585816
0.006597479,0.122875035,0.32178098,-0.015529233
-0.29241982,0.17508772,0.16339289,0.05107225
-0.080607966,-0.2062141,0.27800584,0.6272449
-0.4463407,-0.37252825,0.3025042,0.11139656
0.01507226,-0.022162162,-0.14528495,0.12653832
-0.061932545,-0.19313897,0.1607972,0.10613875
-0.021403622,0.13144581,0.11267182,0.19054893
-0.30129868,-0.09594771,0.19163099,0.13198268
-0.15588653,-0.1199563,0.14323723,0.05544943
0.432243,-0.23739363,0.1650305,-0.027174946
-0.23495935,-0.22103627,0.1398085,-0.0626643
-0.39347824,0.16487218,0.009934613,-0.14861862
-0.10190886,-0.06945263,0.25158298,0.05591815
0.40054527,-0.26545745,-0.06438089,0.034130782
-0.18844102,-0.1877311,0.24534597,0.07975696
-0.27550933,-0.26019567,0.058629375,-0.041507535
-0.30655736,-0.033821084,-0.1903679,-0.0076224366
-0.21891011,-0.2686331,0.04719098,-0.040576883
-0.1724605,0.14266667,-0.022534462,-0.15248798
-0.27024794,-0.010537636,0.10440318,-0.12048395
-0.17393121,-0.22236793,0.18944322,-0.19322553
-0.3146593,-0.34934992,0.27222452,-0.0716562
-0.052380953,-0.19887044,0.08338427,0.1697837
-0.00028124824,-0.0845478,-0.09572336,-0.07735186
0.15944171,0.38418338,0.009256671,-0.20060304
0.18721804,-0.0011970196,0.07698701,0.041650552
-0.06604709,-0.04577982,0.120174065,0.18530689
-0.2436259,0.15753138,0.18436955,0.2179482
0.34051996,0.17831275,0.6055491,0.3578578
0.18940799,0.64498883,0.2556644,0.0046974383
0.014897335,0.112660095,0.19027263,0.008901566
-0.36435312,0.2941958,0.18336777,0.07422011
-0.101574406,-0.14049669,0.08120102,-0.07341931
-0.3291304,-0.1491825,0.096084625,0.028768895
-0.18784384,-0.076113746,0.18642916,0.16103484
-0.2694641,1.0881481,0.08231603,-0.019545363
-0.08377105,0.17565486,0.18182144,0.17003934
-0.05903988,0.28690135,0.071571045,-0.027756747
-0.22903956,-0.37343323,-0.13633585,-0.005605671
-0.20849377,-0.12288907,0.07957862,0.27298015
-0.26969355,-0.15137489,0.045785174,0.08777935
-0.3331043,0.10185513,0.23721,0.15149087
-0.33706895,0.1772031,0.060618553,-0.14057347
-0.047015425,0.13806398,-0.075931214,-0.16466694
-0.48458162,-0.011930656,-0.17219037,-0.08337818
-0.29785714,-0.30099615,0.11215689,0.084404156
-0.11190799,0.19160874,0.24393713,0.047942895
-0.1689906,-0.17282844,0.350546,0.2767114
-0.23335068,0.09040257,0.38015223,0.29638606
-0.17069289,0.1372395,0.4565814,0.12728608
-0.22273362,0.19864453,0.4345888,0.25111648
0.028321678,-0.0890795,0.5161004,0.3365099
-0.08961128,-0.24604653,-0.096939534,0.00407043
-0.3688072,0.093510896,-0.04260574,0.069514476
0.05692124,-0.029570267,-0.103628606,-0.12734441
-0.22540717,-0.113652036,0.13377492,0.053562917
0.33137256,-0.2845019,0.09911285,-0.022851514
0.2268624,-0.093881965,0.2867505,-0.1147902
0.26277378,-0.07134545,-0.08758136,-0.18426496
-0.38014397,-0.08014099,0.23308636,0.14296778
-0.07479723,-0.063673094,0.12685059,0.040881567
0.34787825,0.14865038,-0.1338451,-0.115927085
-0.40843734,0.04706767,0.20416488,0.15206526
-0.20284733,-0.29432958,-0.06769848,0.2507346
0.02631879,-0.1488239,0.09834068,-0.040923394
0.012116823,-0.035438597,0.2181155,0.101312585
0.5125541,0.20666666,-0.07309397,-0.066884905
0.1609813,-0.22068515,0.05701177,-0.04193449
-0.15405406,-0.33967286,0.37027273,0.28308403
-0.2527944,0.028560404,0.1570565,0.28025913
-0.23703249,-0.11376345,0.3158989,0.04063954
-0.23040496,0.066423394,0.04120327,-0.026175732
0.7905549,0.12454106,0.04010506,0.07141207
-0.4260038,-0.30595303,-0.041307867,0.23567447
0.16774595,-0.10501115,0.17464854,0.18253075
0.18511821,-0.107828006,0.051292934,-0.026983183
-0.09093708,-0.28701535,-0.018308869,0.26934916
-0.17250384,-0.27468774,0.10077426,-0.033634927
0.7667247,0.10561314,-0.37778986,-0.3467287
0.16393846,-0.096096024,-0.12244874,-0.25792724
-0.39121005,0.0019047614,0.11000444,-0.12894009
-0.21448074,-0.018950671,0.0059685744,-0.01622058
-0.34367347,-0.07344058,0.3353092,0.0792723
-0.083893865,-0.0059314203,0.038034644,0.02535492
0.0068047717,0.18829931,-0.30822092,-0.081549816
-0.09949455,-0.3362776,0.16611254,-0.037631128
-0.4169014,-0.19945578,-0.12610242,0.048454423
-0.26717505,-0.19814149,-0.0030085128,-0.1211977
-0.024711851,-0.14605653,-0.010040451,0.03389622
-0.23221602,0.1661156,0.08476228,-0.047649797
0.2614129,0.060924653,-0.18797119,-0.1638807
0.15970305,-0.21329841,-0.2658546,-0.11718889
0.27791017,0.042990033,-0.3607819,-0.20228274
-0.07865767,-0.009275362,-0.052532572,0.1615815
-0.025049679,0.25494254,0.4134434,0.46350357
0.10696858,0.1513793,0.28504375,0.32847515
-0.24530344,0.56,0.13480113,0.0011316396
-0.03966579,0.98172736,0.95288223,0.27560642
-0.38574722,0.093373224,-0.13159928,0.35316536
-0.15128618,0.18577573,0.17464966,0.58241713
-0.1577615,0.48806712,-0.041443367,-0.0065001408
-0.042279944,0.22521882,0.11942155,-0.21325919
-0.20335273,-0.2366503,0.06829757,-0.13365147
0.1921147,0.11544813,-0.0953365,0.05682582
0.010443701,-0.21045537,0.3315467,0.38112828
-0.20477606,0.43436393,0.057002954,0.4762518
-0.2640994,0.1671028,0.12583488,-0.21827935
0.08191161,0.18979698,0.09867652,0.25878707
0.2703466,-0.04663926,-0.020389948,0.1408822
-0.2474026,0.042274605,0.43839237,0.20663923
0.3098973,-0.103419974,0.08430663,0.015998937
0.022662677,-0.2757163,-0.0037858451,0.035372596
-0.20419027,0.093216896,-0.052925967,-0.15727863
-0.23613231,0.11962466,-0.07765582,0.089387275
-0.33650792,-0.23615794,0.5068722,0.19369304
-0.091903895,-0.11941634,0.39552173,0.13540798
-0.10514477,-0.0036407486,0.1783505,-0.0062415423
0.04262948,-0.061223324,0.2006291,-0.15648761
-0.36516634,0.024190476,0.045849916,0.05346788
-0.08524649,-0.29553297,0.6679192,0.49006987
0.014322141,-0.27414566,0.26342097,0.4303927
-0.26238078,-0.26035267,0.040319238,0.023310209
1.3642693,0.16805273,-0.040978096,-0.16886808
-0.34404972,-0.5830035,0.13013303,-0.012373645
-0.022193879,-0.036232393,0.14633763,-0.15752888
-0.14079092,-0.37022585,-0.0026455524,0.10341374
-0.38894203,-0.0037420988,-0.12048134,-0.11329233
-0.17889823,-0.33371484,0.16757026,0.41612235
0.073897704,-0.08732577,0.011041128,0.057455767
-0.30679128,0.13749184,0.34706008,-0.00094470324
-0.49862543,0.10706814,-0.060957406,-0.23409444
-0.37454563,0.3548113,0.030386675,-0.026088072
-0.18366535,0.099851295,-0.19681412,-0.11981652
-0.23822652,-0.08706063,-0.20093296,-0.11022577
-0.37449634,-0.022157028,-0.30687296,-0.0027498808
-0.25808632,0.25189188,-0.2080134,-0.2670187
-0.09586564,-0.05051819,0.12395207,0.2584208
0.053811487,-0.19405852,-0.15096496,-0.115432695
-0.19686098,-0.17619151,-0.21164943,0.08655895
-0.08481215,-0.32762572,-0.30034438,-0.38469648
-0.36245552,-0.18383056,0.1956967,0.09915312
-0.2080264,-0.18258408,0.17384176,0.22337072
-0.53217053,-0.3762393,-0.109564506,-0.0012191309
-0.10119875,0.2833937,0.17793965,0.035348278
0.72947854,-0.25808153,-0.1861723,0.13418174
-0.4197693,0.018694941,0.07455292,0.090021916
-0.038387097,0.049576838,0.22064358,0.02812337
-0.00020120852,0.11061777,0.20658134,0.018093769
-0.15207052,-0.08,0.026560416,0.05711374
-0.12704206,-0.17203307,0.10492902,0.0409436
0.12914123,0.13249812,0.029070307,0.13328393
